model,dataset,ds_type,filename,input_size,true_labels,predicted_labels
vgg16baseline,SHHA,test,['/mnt/bigdrive/datasets/crowd-counting/C3Data/test_data//img/79.jpg'],400,48.4084765625,37.68828857421875
vgg16baseline,SHHA,test,['/mnt/bigdrive/datasets/crowd-counting/C3Data/test_data//img/105.jpg'],400,34.40822021484375,33.597880859375
vgg16baseline,SHHA,test,['/mnt/bigdrive/datasets/crowd-counting/C3Data/test_data//img/73.jpg'],400,75.94212890625,132.204833984375
vgg16baseline,SHHA,test,['/mnt/bigdrive/datasets/crowd-counting/C3Data/test_data//img/106.jpg'],400,390.615859375,286.9266796875
vgg16baseline,SHHA,test,['/mnt/bigdrive/datasets/crowd-counting/C3Data/test_data//img/157.jpg'],400,170.499921875,258.3209375
vgg16baseline,SHHA,test,['/mnt/bigdrive/datasets/crowd-counting/C3Data/test_data//img/94.jpg'],400,13.7843798828125,16.245953369140626
vgg16baseline,SHHA,test,['/mnt/bigdrive/datasets/crowd-counting/C3Data/test_data//img/62.jpg'],400,75.3467578125,73.1501708984375
vgg16baseline,SHHA,test,['/mnt/bigdrive/datasets/crowd-counting/C3Data/test_data//img/108.jpg'],400,45.090283203125,61.0696435546875
vgg16baseline,SHHA,test,['/mnt/bigdrive/datasets/crowd-counting/C3Data/test_data//img/170.jpg'],400,95.59107421875,148.704365234375
vgg16baseline,SHHA,test,['/mnt/bigdrive/datasets/crowd-counting/C3Data/test_data//img/145.jpg'],400,55.896767578125,76.5327099609375
vgg16baseline,SHHA,test,['/mnt/bigdrive/datasets/crowd-counting/C3Data/test_data//img/174.jpg'],400,46.65576171875,81.944697265625
vgg16baseline,SHHA,test,['/mnt/bigdrive/datasets/crowd-counting/C3Data/test_data//img/126.jpg'],400,60.8281640625,73.106728515625
vgg16baseline,SHHA,test,['/mnt/bigdrive/datasets/crowd-counting/C3Data/test_data//img/171.jpg'],400,48.05197265625,72.9830029296875
vgg16baseline,SHHA,test,['/mnt/bigdrive/datasets/crowd-counting/C3Data/test_data//img/131.jpg'],400,101.16390625,112.29998046875
vgg16baseline,SHHA,test,['/mnt/bigdrive/datasets/crowd-counting/C3Data/test_data//img/21.jpg'],400,328.647421875,251.6298828125
vgg16baseline,SHHA,test,['/mnt/bigdrive/datasets/crowd-counting/C3Data/test_data//img/33.jpg'],400,217.7111328125,173.805
vgg16baseline,SHHA,test,['/mnt/bigdrive/datasets/crowd-counting/C3Data/test_data//img/29.jpg'],400,179.03001953125,118.906513671875
vgg16baseline,SHHA,test,['/mnt/bigdrive/datasets/crowd-counting/C3Data/test_data//img/44.jpg'],400,99.215703125,106.451728515625
vgg16baseline,SHHA,test,['/mnt/bigdrive/datasets/crowd-counting/C3Data/test_data//img/60.jpg'],400,148.93265625,243.503203125
vgg16baseline,SHHA,test,['/mnt/bigdrive/datasets/crowd-counting/C3Data/test_data//img/103.jpg'],400,151.575498046875,161.757685546875
vgg16baseline,SHHA,test,['/mnt/bigdrive/datasets/crowd-counting/C3Data/test_data//img/14.jpg'],400,292.04412109375,197.2516796875
vgg16baseline,SHHA,test,['/mnt/bigdrive/datasets/crowd-counting/C3Data/test_data//img/153.jpg'],400,125.502265625,106.27900390625
vgg16baseline,SHHA,test,['/mnt/bigdrive/datasets/crowd-counting/C3Data/test_data//img/26.jpg'],400,125.752041015625,116.9530859375
vgg16baseline,SHHA,test,['/mnt/bigdrive/datasets/crowd-counting/C3Data/test_data//img/77.jpg'],400,69.50173828125,62.05111328125
vgg16baseline,SHHA,test,['/mnt/bigdrive/datasets/crowd-counting/C3Data/test_data//img/121.jpg'],400,425.326328125,414.5953515625
vgg16baseline,SHHA,test,['/mnt/bigdrive/datasets/crowd-counting/C3Data/test_data//img/75.jpg'],400,236.80203125,239.1507421875
vgg16baseline,SHHA,test,['/mnt/bigdrive/datasets/crowd-counting/C3Data/test_data//img/11.jpg'],400,322.88435546875,239.69638671875
vgg16baseline,SHHA,test,['/mnt/bigdrive/datasets/crowd-counting/C3Data/test_data//img/141.jpg'],400,183.64802734375,144.107568359375
vgg16baseline,SHHA,test,['/mnt/bigdrive/datasets/crowd-counting/C3Data/test_data//img/107.jpg'],400,44.910693359375,43.968837890625
vgg16baseline,SHHA,test,['/mnt/bigdrive/datasets/crowd-counting/C3Data/test_data//img/13.jpg'],400,300.72203125,256.75921875
vgg16baseline,SHHA,test,['/mnt/bigdrive/datasets/crowd-counting/C3Data/test_data//img/72.jpg'],400,97.10873046875,132.233408203125
vgg16baseline,SHHA,test,['/mnt/bigdrive/datasets/crowd-counting/C3Data/test_data//img/48.jpg'],400,105.53892578125,115.32359375
vgg16baseline,SHHA,test,['/mnt/bigdrive/datasets/crowd-counting/C3Data/test_data//img/2.jpg'],400,305.14435546875,332.4942578125
vgg16baseline,SHHA,test,['/mnt/bigdrive/datasets/crowd-counting/C3Data/test_data//img/117.jpg'],400,333.4446875,288.36861328125
vgg16baseline,SHHA,test,['/mnt/bigdrive/datasets/crowd-counting/C3Data/test_data//img/15.jpg'],400,52.883271484375,61.262666015625
vgg16baseline,SHHA,test,['/mnt/bigdrive/datasets/crowd-counting/C3Data/test_data//img/55.jpg'],400,38.56896484375,48.6988427734375
vgg16baseline,SHHA,test,['/mnt/bigdrive/datasets/crowd-counting/C3Data/test_data//img/50.jpg'],400,247.1445703125,100.792529296875
vgg16baseline,SHHA,test,['/mnt/bigdrive/datasets/crowd-counting/C3Data/test_data//img/8.jpg'],400,739.855859375,274.921953125
vgg16baseline,SHHA,test,['/mnt/bigdrive/datasets/crowd-counting/C3Data/test_data//img/47.jpg'],400,81.60337890625,127.21705078125
vgg16baseline,SHHA,test,['/mnt/bigdrive/datasets/crowd-counting/C3Data/test_data//img/63.jpg'],400,240.85072265625,194.95041015625
vgg16baseline,SHHA,test,['/mnt/bigdrive/datasets/crowd-counting/C3Data/test_data//img/96.jpg'],400,51.61130859375,61.36390625
vgg16baseline,SHHA,test,['/mnt/bigdrive/datasets/crowd-counting/C3Data/test_data//img/152.jpg'],400,55.211962890625,65.0567724609375
vgg16baseline,SHHA,test,['/mnt/bigdrive/datasets/crowd-counting/C3Data/test_data//img/173.jpg'],400,179.893828125,210.9588671875
vgg16baseline,SHHA,test,['/mnt/bigdrive/datasets/crowd-counting/C3Data/test_data//img/172.jpg'],400,833.35828125,608.5467578125
vgg16baseline,SHHA,test,['/mnt/bigdrive/datasets/crowd-counting/C3Data/test_data//img/151.jpg'],400,42.144453125,47.1745703125
vgg16baseline,SHHA,test,['/mnt/bigdrive/datasets/crowd-counting/C3Data/test_data//img/53.jpg'],400,54.9998046875,95.0794921875
vgg16baseline,SHHA,test,['/mnt/bigdrive/datasets/crowd-counting/C3Data/test_data//img/133.jpg'],400,42.2349609375,36.84748291015625
vgg16baseline,SHHA,test,['/mnt/bigdrive/datasets/crowd-counting/C3Data/test_data//img/1.jpg'],400,110.469658203125,202.00154296875
vgg16baseline,SHHA,test,['/mnt/bigdrive/datasets/crowd-counting/C3Data/test_data//img/110.jpg'],400,346.83890625,229.14302734375
vgg16baseline,SHHA,test,['/mnt/bigdrive/datasets/crowd-counting/C3Data/test_data//img/113.jpg'],400,32.6171630859375,124.503828125
vgg16baseline,SHHA,test,['/mnt/bigdrive/datasets/crowd-counting/C3Data/test_data//img/127.jpg'],400,406.8551171875,223.53283203125
vgg16baseline,SHHA,test,['/mnt/bigdrive/datasets/crowd-counting/C3Data/test_data//img/36.jpg'],400,668.391015625,379.7304296875
vgg16baseline,SHHA,test,['/mnt/bigdrive/datasets/crowd-counting/C3Data/test_data//img/142.jpg'],400,52.253701171875,52.8955224609375
vgg16baseline,SHHA,test,['/mnt/bigdrive/datasets/crowd-counting/C3Data/test_data//img/88.jpg'],400,34.8068310546875,55.8699951171875
vgg16baseline,SHHA,test,['/mnt/bigdrive/datasets/crowd-counting/C3Data/test_data//img/166.jpg'],400,41.987509765625,98.571142578125
vgg16baseline,SHHA,test,['/mnt/bigdrive/datasets/crowd-counting/C3Data/test_data//img/90.jpg'],400,837.39890625,569.1257421875
vgg16baseline,SHHA,test,['/mnt/bigdrive/datasets/crowd-counting/C3Data/test_data//img/54.jpg'],400,208.950703125,273.21603515625
vgg16baseline,SHHA,test,['/mnt/bigdrive/datasets/crowd-counting/C3Data/test_data//img/19.jpg'],400,102.42046875,106.65826171875
vgg16baseline,SHHA,test,['/mnt/bigdrive/datasets/crowd-counting/C3Data/test_data//img/30.jpg'],400,64.4995556640625,92.98912109375
vgg16baseline,SHHA,test,['/mnt/bigdrive/datasets/crowd-counting/C3Data/test_data//img/132.jpg'],400,148.607919921875,145.42015625
vgg16baseline,SHHA,test,['/mnt/bigdrive/datasets/crowd-counting/C3Data/test_data//img/64.jpg'],400,124.079501953125,159.638310546875
vgg16baseline,SHHA,test,['/mnt/bigdrive/datasets/crowd-counting/C3Data/test_data//img/134.jpg'],400,36.03418701171875,33.87017822265625
vgg16baseline,SHHA,test,['/mnt/bigdrive/datasets/crowd-counting/C3Data/test_data//img/130.jpg'],400,272.49748046875,207.55470703125
vgg16baseline,SHHA,test,['/mnt/bigdrive/datasets/crowd-counting/C3Data/test_data//img/111.jpg'],400,110.00263671875,90.374072265625
vgg16baseline,SHHA,test,['/mnt/bigdrive/datasets/crowd-counting/C3Data/test_data//img/140.jpg'],400,16.94253662109375,14.1940673828125
vgg16baseline,SHHA,test,['/mnt/bigdrive/datasets/crowd-counting/C3Data/test_data//img/128.jpg'],400,65.8122314453125,78.551376953125
vgg16baseline,SHHA,test,['/mnt/bigdrive/datasets/crowd-counting/C3Data/test_data//img/92.jpg'],400,417.957578125,544.2312109375
vgg16baseline,SHHA,test,['/mnt/bigdrive/datasets/crowd-counting/C3Data/test_data//img/155.jpg'],400,21.97697021484375,70.000205078125
vgg16baseline,SHHA,test,['/mnt/bigdrive/datasets/crowd-counting/C3Data/test_data//img/45.jpg'],400,21.37023681640625,51.6676806640625
vgg16baseline,SHHA,test,['/mnt/bigdrive/datasets/crowd-counting/C3Data/test_data//img/71.jpg'],400,192.45201171875,128.679072265625
vgg16baseline,SHHA,test,['/mnt/bigdrive/datasets/crowd-counting/C3Data/test_data//img/74.jpg'],400,162.2275,141.85806640625
vgg16baseline,SHHA,test,['/mnt/bigdrive/datasets/crowd-counting/C3Data/test_data//img/124.jpg'],400,45.61955078125,43.6894091796875
vgg16baseline,SHHA,test,['/mnt/bigdrive/datasets/crowd-counting/C3Data/test_data//img/52.jpg'],400,41.031611328125,47.426875
vgg16baseline,SHHA,test,['/mnt/bigdrive/datasets/crowd-counting/C3Data/test_data//img/83.jpg'],400,54.320947265625,65.048251953125
vgg16baseline,SHHA,test,['/mnt/bigdrive/datasets/crowd-counting/C3Data/test_data//img/180.jpg'],400,155.867021484375,122.1825390625
vgg16baseline,SHHA,test,['/mnt/bigdrive/datasets/crowd-counting/C3Data/test_data//img/182.jpg'],400,94.2691015625,122.39578125
vgg16baseline,SHHA,test,['/mnt/bigdrive/datasets/crowd-counting/C3Data/test_data//img/129.jpg'],400,47.987021484375,37.34343017578125
vgg16baseline,SHHA,test,['/mnt/bigdrive/datasets/crowd-counting/C3Data/test_data//img/169.jpg'],400,60.613857421875,84.030185546875
vgg16baseline,SHHA,test,['/mnt/bigdrive/datasets/crowd-counting/C3Data/test_data//img/118.jpg'],400,63.6280322265625,69.996953125
vgg16baseline,SHHA,test,['/mnt/bigdrive/datasets/crowd-counting/C3Data/test_data//img/163.jpg'],400,69.3021435546875,92.529892578125
vgg16baseline,SHHA,test,['/mnt/bigdrive/datasets/crowd-counting/C3Data/test_data//img/56.jpg'],400,120.771884765625,104.36576171875
vgg16baseline,SHHA,test,['/mnt/bigdrive/datasets/crowd-counting/C3Data/test_data//img/38.jpg'],400,255.25927734375,184.69625
vgg16baseline,SHHA,test,['/mnt/bigdrive/datasets/crowd-counting/C3Data/test_data//img/149.jpg'],400,45.2687744140625,42.140693359375
vgg16baseline,SHHA,test,['/mnt/bigdrive/datasets/crowd-counting/C3Data/test_data//img/35.jpg'],400,292.6601953125,273.95634765625
vgg16baseline,SHHA,test,['/mnt/bigdrive/datasets/crowd-counting/C3Data/test_data//img/31.jpg'],400,66.9860107421875,67.065830078125
vgg16baseline,SHHA,test,['/mnt/bigdrive/datasets/crowd-counting/C3Data/test_data//img/147.jpg'],400,240.80728515625,199.33533203125
vgg16baseline,SHHA,test,['/mnt/bigdrive/datasets/crowd-counting/C3Data/test_data//img/148.jpg'],400,85.312265625,116.288974609375
vgg16baseline,SHHA,test,['/mnt/bigdrive/datasets/crowd-counting/C3Data/test_data//img/181.jpg'],400,58.428203125,69.992099609375
vgg16baseline,SHHA,test,['/mnt/bigdrive/datasets/crowd-counting/C3Data/test_data//img/95.jpg'],400,28.2386669921875,24.30561279296875
vgg16baseline,SHHA,test,['/mnt/bigdrive/datasets/crowd-counting/C3Data/test_data//img/150.jpg'],400,265.80330078125,202.43107421875
vgg16baseline,SHHA,test,['/mnt/bigdrive/datasets/crowd-counting/C3Data/test_data//img/178.jpg'],400,40.4657763671875,30.88545166015625
vgg16baseline,SHHA,test,['/mnt/bigdrive/datasets/crowd-counting/C3Data/test_data//img/59.jpg'],400,208.47478515625,199.65396484375
vgg16baseline,SHHA,test,['/mnt/bigdrive/datasets/crowd-counting/C3Data/test_data//img/70.jpg'],400,80.8980224609375,83.295830078125
vgg16baseline,SHHA,test,['/mnt/bigdrive/datasets/crowd-counting/C3Data/test_data//img/175.jpg'],400,203.105,343.546328125
vgg16baseline,SHHA,test,['/mnt/bigdrive/datasets/crowd-counting/C3Data/test_data//img/104.jpg'],400,219.48943359375,239.86642578125
vgg16baseline,SHHA,test,['/mnt/bigdrive/datasets/crowd-counting/C3Data/test_data//img/4.jpg'],400,40.93699951171875,48.2291259765625
vgg16baseline,SHHA,test,['/mnt/bigdrive/datasets/crowd-counting/C3Data/test_data//img/10.jpg'],400,160.447119140625,136.184375
vgg16baseline,SHHA,test,['/mnt/bigdrive/datasets/crowd-counting/C3Data/test_data//img/143.jpg'],400,77.617587890625,60.3504345703125
vgg16baseline,SHHA,test,['/mnt/bigdrive/datasets/crowd-counting/C3Data/test_data//img/114.jpg'],400,46.1028173828125,71.3174072265625
vgg16baseline,SHHA,test,['/mnt/bigdrive/datasets/crowd-counting/C3Data/test_data//img/78.jpg'],400,100.511201171875,96.632998046875
vgg16baseline,SHHA,test,['/mnt/bigdrive/datasets/crowd-counting/C3Data/test_data//img/65.jpg'],400,76.603408203125,68.055791015625
vgg16baseline,SHHA,test,['/mnt/bigdrive/datasets/crowd-counting/C3Data/test_data//img/39.jpg'],400,44.13025390625,46.443427734375
vgg16baseline,SHHA,test,['/mnt/bigdrive/datasets/crowd-counting/C3Data/test_data//img/41.jpg'],400,113.774345703125,80.820498046875
vgg16baseline,SHHA,test,['/mnt/bigdrive/datasets/crowd-counting/C3Data/test_data//img/168.jpg'],400,93.48822265625,116.06671875
vgg16baseline,SHHA,test,['/mnt/bigdrive/datasets/crowd-counting/C3Data/test_data//img/154.jpg'],400,227.791171875,289.67501953125
vgg16baseline,SHHA,test,['/mnt/bigdrive/datasets/crowd-counting/C3Data/test_data//img/85.jpg'],400,30.00928955078125,27.67270751953125
vgg16baseline,SHHA,test,['/mnt/bigdrive/datasets/crowd-counting/C3Data/test_data//img/98.jpg'],400,33.038095703125,31.17902099609375
vgg16baseline,SHHA,test,['/mnt/bigdrive/datasets/crowd-counting/C3Data/test_data//img/16.jpg'],400,97.458056640625,73.9120458984375
vgg16baseline,SHHA,test,['/mnt/bigdrive/datasets/crowd-counting/C3Data/test_data//img/20.jpg'],400,113.68310546875,134.39240234375
vgg16baseline,SHHA,test,['/mnt/bigdrive/datasets/crowd-counting/C3Data/test_data//img/116.jpg'],400,57.7063134765625,110.47142578125
vgg16baseline,SHHA,test,['/mnt/bigdrive/datasets/crowd-counting/C3Data/test_data//img/12.jpg'],400,112.577880859375,72.129619140625
vgg16baseline,SHHA,test,['/mnt/bigdrive/datasets/crowd-counting/C3Data/test_data//img/102.jpg'],400,55.9223974609375,67.457734375
vgg16baseline,SHHA,test,['/mnt/bigdrive/datasets/crowd-counting/C3Data/test_data//img/84.jpg'],400,27.54996826171875,44.70046875
vgg16baseline,SHHA,test,['/mnt/bigdrive/datasets/crowd-counting/C3Data/test_data//img/91.jpg'],400,19.697315673828125,26.0081494140625
vgg16baseline,SHHA,test,['/mnt/bigdrive/datasets/crowd-counting/C3Data/test_data//img/68.jpg'],400,108.113623046875,128.5496875
vgg16baseline,SHHA,test,['/mnt/bigdrive/datasets/crowd-counting/C3Data/test_data//img/120.jpg'],400,21.74947265625,38.1324365234375
vgg16baseline,SHHA,test,['/mnt/bigdrive/datasets/crowd-counting/C3Data/test_data//img/25.jpg'],400,152.1374609375,107.810927734375
vgg16baseline,SHHA,test,['/mnt/bigdrive/datasets/crowd-counting/C3Data/test_data//img/28.jpg'],400,255.01240234375,288.17193359375
vgg16baseline,SHHA,test,['/mnt/bigdrive/datasets/crowd-counting/C3Data/test_data//img/97.jpg'],400,140.957744140625,137.2145703125
vgg16baseline,SHHA,test,['/mnt/bigdrive/datasets/crowd-counting/C3Data/test_data//img/46.jpg'],400,184.98984375,192.11193359375
vgg16baseline,SHHA,test,['/mnt/bigdrive/datasets/crowd-counting/C3Data/test_data//img/160.jpg'],400,31.932314453125,35.13459716796875
vgg16baseline,SHHA,test,['/mnt/bigdrive/datasets/crowd-counting/C3Data/test_data//img/179.jpg'],400,208.85845703125,139.524560546875
vgg16baseline,SHHA,test,['/mnt/bigdrive/datasets/crowd-counting/C3Data/test_data//img/101.jpg'],400,158.180439453125,249.12455078125
vgg16baseline,SHHA,test,['/mnt/bigdrive/datasets/crowd-counting/C3Data/test_data//img/61.jpg'],400,39.43663330078125,25.58780029296875
vgg16baseline,SHHA,test,['/mnt/bigdrive/datasets/crowd-counting/C3Data/test_data//img/27.jpg'],400,305.51349609375,294.475546875
vgg16baseline,SHHA,test,['/mnt/bigdrive/datasets/crowd-counting/C3Data/test_data//img/51.jpg'],400,64.6608154296875,56.2549365234375
vgg16baseline,SHHA,test,['/mnt/bigdrive/datasets/crowd-counting/C3Data/test_data//img/18.jpg'],400,149.053251953125,104.377353515625
vgg16baseline,SHHA,test,['/mnt/bigdrive/datasets/crowd-counting/C3Data/test_data//img/34.jpg'],400,20.093572998046874,21.0697119140625
vgg16baseline,SHHA,test,['/mnt/bigdrive/datasets/crowd-counting/C3Data/test_data//img/167.jpg'],400,16.000074462890623,25.7093994140625
vgg16baseline,SHHA,test,['/mnt/bigdrive/datasets/crowd-counting/C3Data/test_data//img/146.jpg'],400,213.0925,175.8019140625
vgg16baseline,SHHA,test,['/mnt/bigdrive/datasets/crowd-counting/C3Data/test_data//img/5.jpg'],400,147.008984375,139.329072265625
vgg16baseline,SHHA,test,['/mnt/bigdrive/datasets/crowd-counting/C3Data/test_data//img/119.jpg'],400,60.083466796875,80.0318896484375
vgg16baseline,SHHA,test,['/mnt/bigdrive/datasets/crowd-counting/C3Data/test_data//img/81.jpg'],400,106.878486328125,129.365859375
vgg16baseline,SHHA,test,['/mnt/bigdrive/datasets/crowd-counting/C3Data/test_data//img/17.jpg'],400,365.6153515625,261.15599609375
vgg16baseline,SHHA,test,['/mnt/bigdrive/datasets/crowd-counting/C3Data/test_data//img/67.jpg'],400,38.299091796875,58.65529296875
vgg16baseline,SHHA,test,['/mnt/bigdrive/datasets/crowd-counting/C3Data/test_data//img/93.jpg'],400,58.022734375,58.8937939453125
vgg16baseline,SHHA,test,['/mnt/bigdrive/datasets/crowd-counting/C3Data/test_data//img/7.jpg'],400,214.314375,212.40921875
vgg16baseline,SHHA,test,['/mnt/bigdrive/datasets/crowd-counting/C3Data/test_data//img/159.jpg'],400,46.3533935546875,67.6173388671875
vgg16baseline,SHHA,test,['/mnt/bigdrive/datasets/crowd-counting/C3Data/test_data//img/135.jpg'],400,23.9999072265625,22.5297705078125
vgg16baseline,SHHA,test,['/mnt/bigdrive/datasets/crowd-counting/C3Data/test_data//img/165.jpg'],400,596.5601171875,342.8145703125
vgg16baseline,SHHA,test,['/mnt/bigdrive/datasets/crowd-counting/C3Data/test_data//img/158.jpg'],400,118.65115234375,134.597119140625
vgg16baseline,SHHA,test,['/mnt/bigdrive/datasets/crowd-counting/C3Data/test_data//img/138.jpg'],400,68.7308349609375,67.1879736328125
vgg16baseline,SHHA,test,['/mnt/bigdrive/datasets/crowd-counting/C3Data/test_data//img/100.jpg'],400,138.73259765625,144.55330078125
vgg16baseline,SHHA,test,['/mnt/bigdrive/datasets/crowd-counting/C3Data/test_data//img/177.jpg'],400,174.2457421875,192.53375
vgg16baseline,SHHA,test,['/mnt/bigdrive/datasets/crowd-counting/C3Data/test_data//img/86.jpg'],400,124.759189453125,104.514921875
vgg16baseline,SHHA,test,['/mnt/bigdrive/datasets/crowd-counting/C3Data/test_data//img/43.jpg'],400,100.053818359375,129.358671875
vgg16baseline,SHHA,test,['/mnt/bigdrive/datasets/crowd-counting/C3Data/test_data//img/164.jpg'],400,118.922197265625,152.750517578125
vgg16baseline,SHHA,test,['/mnt/bigdrive/datasets/crowd-counting/C3Data/test_data//img/99.jpg'],400,86.070390625,66.2158203125
vgg16baseline,SHHA,test,['/mnt/bigdrive/datasets/crowd-counting/C3Data/test_data//img/22.jpg'],400,100.909404296875,138.164404296875
vgg16baseline,SHHA,test,['/mnt/bigdrive/datasets/crowd-counting/C3Data/test_data//img/37.jpg'],400,126.763515625,131.501796875
vgg16baseline,SHHA,test,['/mnt/bigdrive/datasets/crowd-counting/C3Data/test_data//img/3.jpg'],400,87.640693359375,127.136103515625
vgg16baseline,SHHA,test,['/mnt/bigdrive/datasets/crowd-counting/C3Data/test_data//img/123.jpg'],400,27.0181591796875,32.92877197265625
vgg16baseline,SHHA,test,['/mnt/bigdrive/datasets/crowd-counting/C3Data/test_data//img/66.jpg'],400,76.3445849609375,119.511220703125
vgg16baseline,SHHA,test,['/mnt/bigdrive/datasets/crowd-counting/C3Data/test_data//img/109.jpg'],400,94.536962890625,99.8275390625
vgg16baseline,SHHA,test,['/mnt/bigdrive/datasets/crowd-counting/C3Data/test_data//img/80.jpg'],400,56.498916015625,74.4842236328125
vgg16baseline,SHHA,test,['/mnt/bigdrive/datasets/crowd-counting/C3Data/test_data//img/144.jpg'],400,67.6687060546875,97.083134765625
vgg16baseline,SHHA,test,['/mnt/bigdrive/datasets/crowd-counting/C3Data/test_data//img/89.jpg'],400,78.08033203125,69.494013671875
vgg16baseline,SHHA,test,['/mnt/bigdrive/datasets/crowd-counting/C3Data/test_data//img/136.jpg'],400,35.65578125,44.1809326171875
vgg16baseline,SHHA,test,['/mnt/bigdrive/datasets/crowd-counting/C3Data/test_data//img/137.jpg'],400,87.608427734375,97.543076171875
vgg16baseline,SHHA,test,['/mnt/bigdrive/datasets/crowd-counting/C3Data/test_data//img/87.jpg'],400,155.770283203125,160.882314453125
vgg16baseline,SHHA,test,['/mnt/bigdrive/datasets/crowd-counting/C3Data/test_data//img/162.jpg'],400,37.0034033203125,63.580009765625
vgg16baseline,SHHA,test,['/mnt/bigdrive/datasets/crowd-counting/C3Data/test_data//img/76.jpg'],400,103.34705078125,156.312060546875
vgg16baseline,SHHA,test,['/mnt/bigdrive/datasets/crowd-counting/C3Data/test_data//img/125.jpg'],400,59.5229248046875,70.6768408203125
vgg16baseline,SHHA,test,['/mnt/bigdrive/datasets/crowd-counting/C3Data/test_data//img/23.jpg'],400,310.3759375,227.066171875
vgg16baseline,SHHA,test,['/mnt/bigdrive/datasets/crowd-counting/C3Data/test_data//img/9.jpg'],400,14.549871826171875,9.068645629882813
vgg16baseline,SHHA,test,['/mnt/bigdrive/datasets/crowd-counting/C3Data/test_data//img/49.jpg'],400,126.880439453125,129.0224609375
vgg16baseline,SHHA,test,['/mnt/bigdrive/datasets/crowd-counting/C3Data/test_data//img/6.jpg'],400,108.590947265625,110.25810546875
vgg16baseline,SHHA,test,['/mnt/bigdrive/datasets/crowd-counting/C3Data/test_data//img/82.jpg'],400,62.9770751953125,87.559287109375
vgg16baseline,SHHA,test,['/mnt/bigdrive/datasets/crowd-counting/C3Data/test_data//img/161.jpg'],400,162.60861328125,89.94916015625
vgg16baseline,SHHA,test,['/mnt/bigdrive/datasets/crowd-counting/C3Data/test_data//img/156.jpg'],400,78.607470703125,85.895751953125
vgg16baseline,SHHA,test,['/mnt/bigdrive/datasets/crowd-counting/C3Data/test_data//img/112.jpg'],400,99.170009765625,145.249658203125
vgg16baseline,SHHA,test,['/mnt/bigdrive/datasets/crowd-counting/C3Data/test_data//img/69.jpg'],400,30.96825439453125,28.92765869140625
vgg16baseline,SHHA,test,['/mnt/bigdrive/datasets/crowd-counting/C3Data/test_data//img/115.jpg'],400,274.45595703125,171.7375
vgg16baseline,SHHA,test,['/mnt/bigdrive/datasets/crowd-counting/C3Data/test_data//img/176.jpg'],400,54.6187744140625,71.084052734375
vgg16baseline,SHHA,test,['/mnt/bigdrive/datasets/crowd-counting/C3Data/test_data//img/58.jpg'],400,50.7126953125,58.4676708984375
vgg16baseline,SHHA,test,['/mnt/bigdrive/datasets/crowd-counting/C3Data/test_data//img/32.jpg'],400,144.185361328125,119.98498046875
vgg16baseline,SHHA,test,['/mnt/bigdrive/datasets/crowd-counting/C3Data/test_data//img/40.jpg'],400,91.842265625,123.16107421875
vgg16baseline,SHHA,test,['/mnt/bigdrive/datasets/crowd-counting/C3Data/test_data//img/42.jpg'],400,410.3795703125,353.0894921875
vgg16baseline,SHHA,test,['/mnt/bigdrive/datasets/crowd-counting/C3Data/test_data//img/122.jpg'],400,481.9718359375,313.10900390625
vgg16baseline,SHHA,test,['/mnt/bigdrive/datasets/crowd-counting/C3Data/test_data//img/57.jpg'],400,119.4116015625,124.2394921875
vgg16baseline,SHHA,test,['/mnt/bigdrive/datasets/crowd-counting/C3Data/test_data//img/139.jpg'],400,231.96107421875,227.59732421875
vgg16baseline,SHHA,test,['/mnt/bigdrive/datasets/crowd-counting/C3Data/test_data//img/24.jpg'],400,264.75958984375,195.8490625
